metric,spearman_rho,p_value,urban_mean,rural_mean
pct_maxspeed,0.5021479273234175,7.565520019991747e-08,3.1044823189269226,1.216632695049534
pct_surface,0.5979994481758588,3.2134610220075675e-11,2.4542554053197683,1.6194648197958004
pct_ref,0.23628365120921,0.01680729310194003,5.667351940971103,4.126071070049381
pct_name,0.6516954950777774,1.1903432950165472e-13,92.3448743563083,71.45178473890581
pct_recent,0.6966938270069155,4.2427156204763995e-16,29.929776994409526,9.290336872967004
median_edit_year,0.5874092039563232,8.601847313921058e-11,2014.1666666666667,2012.3111111111111
road_density,0.7064873820334633,1.0816039481760992e-16,3.5984862203577124,1.311415018747918
km_per_1k,-0.9709812214802291,6.04597443788713e-64,11.643186002802365,85.5889290827809
